-- MySQL Script generated by MySQL Workbench
-- Sun Mar 31 23:19:23 2024
-- Model: New Model    Version: 1.0
-- MySQL Workbench Forward Engineering

SET @OLD_UNIQUE_CHECKS=@@UNIQUE_CHECKS, UNIQUE_CHECKS=0;
SET @OLD_FOREIGN_KEY_CHECKS=@@FOREIGN_KEY_CHECKS, FOREIGN_KEY_CHECKS=0;
SET @OLD_SQL_MODE=@@SQL_MODE, SQL_MODE='ONLY_FULL_GROUP_BY,STRICT_TRANS_TABLES,NO_ZERO_IN_DATE,NO_ZERO_DATE,ERROR_FOR_DIVISION_BY_ZERO,NO_ENGINE_SUBSTITUTION';

-- -----------------------------------------------------
-- Schema libreria
-- -----------------------------------------------------

-- -----------------------------------------------------
-- Schema libreria
-- -----------------------------------------------------
CREATE SCHEMA IF NOT EXISTS `libreria` DEFAULT CHARACTER SET utf8 ;
USE `libreria` ;

-- -----------------------------------------------------
-- Table `libreria`.`categoria`
-- -----------------------------------------------------
CREATE TABLE IF NOT EXISTS `libreria`.`categoria` (
  `ID_categoria` INT NOT NULL,
  `Nombre_categoria` VARCHAR(45) NOT NULL,
  `Descripcion` VARCHAR(50) NOT NULL,
  `Edad_sugerida` INT NOT NULL,
  PRIMARY KEY (`ID_categoria`))
ENGINE = InnoDB;

-- Insertando datos en la tabla categoria
INSERT INTO categoria (`ID_categoria`, `Nombre_categoria`, `Descripcion`, `Edad_sugerida`) 
VALUES 
(1, 'Ficción', 'Libros de ficción', 18),
(2, 'Historia', 'Libros de historia', 16);

-- -----------------------------------------------------
-- Table `libreria`.`editorial`
-- -----------------------------------------------------
CREATE TABLE IF NOT EXISTS `libreria`.`editorial` (
  `Nombre_editorial` VARCHAR(45) NOT NULL,
  `Telefono` INT NOT NULL,
  `Pais` VARCHAR(45) NOT NULL,
  PRIMARY KEY (`Nombre_editorial`))
ENGINE = InnoDB;

-- Insertando datos en la tabla editorial
INSERT INTO editorial (`Nombre_editorial`, `Telefono`, `Pais`) 
VALUES 
('Alfaguara', 12345678, 'Colombia'),
('Norma', 98765432, 'Colombia');

-- -----------------------------------------------------
-- Table `libreria`.`libro`
-- -----------------------------------------------------
CREATE TABLE IF NOT EXISTS `libreria`.`libro` (
  `ISBN` INT NOT NULL,
  `Nombre` VARCHAR(45) NOT NULL,
  `Nombre_editorial` VARCHAR(45) NOT NULL,
  `ID_categoria libro` INT NOT NULL,
  `ID_autor` INT NOT NULL,
  `Numero_paginas` INT NOT NULL,
  `Valor` INT NOT NULL,
  `Fecha_publicacion` DATE NOT NULL,
  `Cantidad` INT NOT NULL,
  PRIMARY KEY (`ISBN`),
  INDEX `fk_idcategoria_idx` (`ID_categoria libro` ASC) VISIBLE,
  INDEX `fk_Nombreeditorial_idx` (`Nombre_editorial` ASC) VISIBLE,
  CONSTRAINT `fk_idcategorialibro`
    FOREIGN KEY (`ID_categoria libro`)
    REFERENCES `libreria`.`categoria` (`ID_categoria`)
    ON DELETE CASCADE
    ON UPDATE CASCADE,
  CONSTRAINT `fk_Nombreeditorial`
    FOREIGN KEY (`Nombre_editorial`)
    REFERENCES `libreria`.`editorial` (`Nombre_editorial`)
    ON DELETE CASCADE
    ON UPDATE CASCADE)
ENGINE = InnoDB;

-- Insertando datos en la tabla libro
INSERT INTO libro (`ISBN`, `Nombre`, `Nombre_editorial`, `ID_categoria libro`, `ID_autor`, `Numero_paginas`, `Valor`, `Fecha_publicacion`, `Cantidad`) 
VALUES 
(978123, 'Cien años de soledad', 'Alfaguara', 1, 1, 432, 50000, '1967-05-30', 100),
(978098, 'Satanás', 'Norma', 1, 2, 320, 45000, '2002-09-15', 80);

-- -----------------------------------------------------
-- Table `libreria`.`autor`
-- -----------------------------------------------------
CREATE TABLE IF NOT EXISTS `libreria`.`autor` (
  `ID_autor` INT NOT NULL,
  `Nombre` VARCHAR(45) NOT NULL,
  `Fecha_nacimiento` DATE NOT NULL,
  `Nacionalidad` VARCHAR(45) NOT NULL,
  PRIMARY KEY (`ID_autor`))
ENGINE = InnoDB;

-- Insertando datos en la tabla autor
INSERT INTO autor (`ID_autor`, `Nombre`, `Fecha_nacimiento`, `Nacionalidad`) 
VALUES 
(1, 'Gabriel García Márquez', '1927-03-06', 'Colombiano'),
(2, 'Mario Mendoza', '1964-06-01', 'Colombiano');

-- -----------------------------------------------------
-- Table `libreria`.`autoria`
-- -----------------------------------------------------
CREATE TABLE IF NOT EXISTS `libreria`.`autoria` (
  `ISBN` INT NOT NULL,
  `ID_autor` INT NOT NULL,
  INDEX `fk_ISBN_idx` (`ISBN` ASC) VISIBLE,
  INDEX `fk_IDautor_idx` (`ID_autor` ASC) VISIBLE,
  CONSTRAINT `fk_ISBN`
    FOREIGN KEY (`ISBN`)
    REFERENCES `libreria`.`libro` (`ISBN`)
    ON DELETE CASCADE
    ON UPDATE CASCADE,
  CONSTRAINT `fk_ID_autor`
    FOREIGN KEY (`ID_autor`)
    REFERENCES `libreria`.`autor` (`ID_autor`)
    ON DELETE CASCADE
    ON UPDATE CASCADE)
ENGINE = InnoDB;

-- Insertando datos en la tabla autoria
INSERT INTO autoria (`ISBN`, `ID_autor`) 
VALUES 
(978123, 1),
(978098, 2);

-- -----------------------------------------------------
-- Table `libreria`.`clientes`
-- -----------------------------------------------------
CREATE TABLE IF NOT EXISTS `libreria`.`clientes` (
  `ID_cliente` INT NOT NULL,
  `Nombre` VARCHAR(45) NOT NULL,
  `Edad` INT NOT NULL,
  `Email` VARCHAR(20) NOT NULL,
  `Telefono` INT NOT NULL,
  PRIMARY KEY (`ID_cliente`))
ENGINE = InnoDB;

-- Insertando datos en la tabla clientes
INSERT INTO clientes (`ID_cliente`, `Nombre`, `Edad`, `Email`, `Telefono`) 
VALUES 
(1, 'Jorge Rodríguez', 30, 'jorge@example.com', 111111),
(2, 'Tatiana Velásquez', 28, 'tatiana@example.com', 222222);

-- -----------------------------------------------------
-- Table `libreria`.`compra`
-- -----------------------------------------------------
CREATE TABLE IF NOT EXISTS `libreria`.`compra` (
  `ID_compra` INT NOT NULL,
  `ID_cliente` INT NOT NULL,
  `ISBN` INT NOT NULL,
  `Cantidad` INT NOT NULL,
  `Valor` INT NOT NULL,
  PRIMARY KEY (`ID_compra`),
  INDEX `fk_IDcliente_idx` (`ID_cliente` ASC) VISIBLE,
  INDEX `fk_Infolibro_idx` (`ISBN` ASC) VISIBLE,
  CONSTRAINT `fk_Infolibro`
    FOREIGN KEY (`ISBN`)
    REFERENCES `libreria`.`libro` (`ISBN`)
    ON DELETE CASCADE
    ON UPDATE CASCADE,
  CONSTRAINT `fk_IDclientecompra`
    FOREIGN KEY (`ID_cliente`)
    REFERENCES `libreria`.`clientes` (`ID_cliente`)
    ON DELETE CASCADE
    ON UPDATE CASCADE)
ENGINE = InnoDB;

-- Insertando datos en la tabla compra
INSERT INTO compra (`ID_compra`, `ID_cliente`, `ISBN`, `Cantidad`, `Valor`) 
VALUES 
(1, 1, 978123, 2, 100000),
(2, 2, 978098, 1, 45000);

SET SQL_MODE=@OLD_SQL_MODE;
SET FOREIGN_KEY_CHECKS=@OLD_FOREIGN_KEY_CHECKS;
SET UNIQUE_CHECKS=@OLD_UNIQUE_CHECKS;